ilce_names,ilce_urls,city_names,city_urls
Adalar,adalar,İstanbul,istanbul
Arnavutköy,arnavutkoy,İstanbul,istanbul
Ataşehir,atasehir,İstanbul,istanbul
Avcılar,avcilar,İstanbul,istanbul
Bağcılar,bagcilar,İstanbul,istanbul
Bahçelievler,bahcelievler,İstanbul,istanbul
Bakırköy,bakirkoy,İstanbul,istanbul
Başakşehir,basaksehir,İstanbul,istanbul
Bayrampaşa,bayrampasa,İstanbul,istanbul
Beşiktaş,besiktas,İstanbul,istanbul
Beykoz,beykoz,İstanbul,istanbul
Beylikdüzü,beylikduzu,İstanbul,istanbul
Beyoğlu,beyoglu,İstanbul,istanbul
Büyükçekmece,buyukcekmece,İstanbul,istanbul
Çatalca,catalca,İstanbul,istanbul
Çekmeköy,cekmekoy,İstanbul,istanbul
Esenler,esenler,İstanbul,istanbul
Esenyurt,esenyurt,İstanbul,istanbul
Eyüpsultan,eyupsultan,İstanbul,istanbul
Fatih,fatih,İstanbul,istanbul
Gaziosmanpaşa,gaziosmanpasa,İstanbul,istanbul
Güngören,gungoren,İstanbul,istanbul
Kadıköy,kadikoy,İstanbul,istanbul
Kağıthane,kagithane,İstanbul,istanbul
Kartal,kartal,İstanbul,istanbul
Küçükçekmece,kucukcekmece,İstanbul,istanbul
Maltepe,maltepe,İstanbul,istanbul
Pendik,pendik,İstanbul,istanbul
Sancaktepe,sancaktepe,İstanbul,istanbul
Sarıyer,sariyer,İstanbul,istanbul
Silivri,silivri,İstanbul,istanbul
Sultanbeyli,sultanbeyli,İstanbul,istanbul
Sultangazi,sultangazi,İstanbul,istanbul
Şile,sile,İstanbul,istanbul
Şişli,sisli,İstanbul,istanbul
Tuzla,tuzla,İstanbul,istanbul
Ümraniye,umraniye,İstanbul,istanbul
Üsküdar,uskudar,İstanbul,istanbul
Zeytinburnu,zeytinburnu,İstanbul,istanbul
Akyurt,akyurt,Ankara,ankara
Altındağ,altindag,Ankara,ankara
Ayaş,ayas,Ankara,ankara
Bala,bala,Ankara,ankara
Beypazarı,beypazari,Ankara,ankara
Çamlıdere,camlidere,Ankara,ankara
Çankaya,cankaya,Ankara,ankara
Çubuk,cubuk,Ankara,ankara
Elmadağ,elmadag,Ankara,ankara
Etimesgut,etimesgut,Ankara,ankara
Evren,evren,Ankara,ankara
Gölbaşı,ankara-golbasi,Ankara,ankara
Güdül,gudul,Ankara,ankara
Haymana,haymana,Ankara,ankara
Kahramankazan,kahramankazan,Ankara,ankara
Kalecik,kalecik,Ankara,ankara
Keçiören,kecioren,Ankara,ankara
Kızılcahamam,kizilcahamam,Ankara,ankara
Mamak,mamak,Ankara,ankara
Nallıhan,nallihan,Ankara,ankara
Polatlı,polatli,Ankara,ankara
Pursaklar,pursaklar,Ankara,ankara
Sincan,sincan,Ankara,ankara
Şereflikoçhisar,sereflikochisar,Ankara,ankara
Yenimahalle,yenimahalle,Ankara,ankara
Aliağa,aliaga,İzmir,izmir
Balçova,balcova,İzmir,izmir
Bayındır,bayindir,İzmir,izmir
Bayraklı,bayrakli,İzmir,izmir
Bergama,bergama,İzmir,izmir
Beydağ,beydag,İzmir,izmir
Bornova,bornova,İzmir,izmir
Buca,buca,İzmir,izmir
Çeşme,cesme,İzmir,izmir
Çiğli,cigli,İzmir,izmir
Dikili,dikili,İzmir,izmir
Foça,foca,İzmir,izmir
Gaziemir,gaziemir,İzmir,izmir
Güzelbahçe,guzelbahce,İzmir,izmir
Karabağlar,karabaglar,İzmir,izmir
Karaburun,karaburun,İzmir,izmir
Karşıyaka,karsiyaka,İzmir,izmir
Kemalpaşa,kemalpasa,İzmir,izmir
Kınık,kinik,İzmir,izmir
Kiraz,kiraz,İzmir,izmir
Konak,konak,İzmir,izmir
Menderes,menderes,İzmir,izmir
Menemen,menemen,İzmir,izmir
Narlıdere,narlidere,İzmir,izmir
Ödemiş,odemis,İzmir,izmir
Seferihisar,seferihisar,İzmir,izmir
Selçuk,selcuk,İzmir,izmir
Tire,tire,İzmir,izmir
Torbalı,torbali,İzmir,izmir
Urla,urla,İzmir,izmir
Aladağ,aladag,Adana,adana
Ceyhan,ceyhan,Adana,adana
Çukurova,cukurova,Adana,adana
Feke,feke,Adana,adana
İmamoğlu,imamoglu,Adana,adana
Karaisalı,karaisali,Adana,adana
Karataş,karatas,Adana,adana
Kozan,kozan,Adana,adana
Pozantı,pozanti,Adana,adana
Saimbeyli,saimbeyli,Adana,adana
Sarıçam,saricam,Adana,adana
Seyhan,seyhan,Adana,adana
Tufanbeyli,tufanbeyli,Adana,adana
Yumurtalık,yumurtalik,Adana,adana
Yüreğir,yuregir,Adana,adana
Besni,besni,Adıyaman,adiyaman
Çelikhan,celikhan,Adıyaman,adiyaman
Gerger,gerger,Adıyaman,adiyaman
Gölbaşı,adiyaman-golbasi,Adıyaman,adiyaman
Kahta,kahta,Adıyaman,adiyaman
Merkez,adiyaman-merkez,Adıyaman,adiyaman
Samsat,samsat,Adıyaman,adiyaman
Sincik,sincik,Adıyaman,adiyaman
Tut,tut,Adıyaman,adiyaman
Başmakçı,basmakci,Afyonkarahisar,afyonkarahisar
Bayat,afyonkarahisar-bayat,Afyonkarahisar,afyonkarahisar
Bolvadin,bolvadin,Afyonkarahisar,afyonkarahisar
Çay,cay,Afyonkarahisar,afyonkarahisar
Çobanlar,cobanlar,Afyonkarahisar,afyonkarahisar
Dazkırı,dazkiri,Afyonkarahisar,afyonkarahisar
Dinar,dinar,Afyonkarahisar,afyonkarahisar
Emirdağ,emirdag,Afyonkarahisar,afyonkarahisar
Evciler,evciler,Afyonkarahisar,afyonkarahisar
Hocalar,hocalar,Afyonkarahisar,afyonkarahisar
İhsaniye,ihsaniye,Afyonkarahisar,afyonkarahisar
İscehisar,iscehisar,Afyonkarahisar,afyonkarahisar
Kızılören,kiziloren,Afyonkarahisar,afyonkarahisar
Merkez,afyonkarahisar-merkez,Afyonkarahisar,afyonkarahisar
Sandıklı,sandikli,Afyonkarahisar,afyonkarahisar
Sinanpaşa,sinanpasa,Afyonkarahisar,afyonkarahisar
Sultandağı,sultandagi,Afyonkarahisar,afyonkarahisar
Şuhut,suhut,Afyonkarahisar,afyonkarahisar
Diyadin,diyadin,Ağrı,agri
Doğubayazıt,dogubayazit,Ağrı,agri
Eleşkirt,eleskirt,Ağrı,agri
Hamur,hamur,Ağrı,agri
Merkez,agri-merkez,Ağrı,agri
Patnos,patnos,Ağrı,agri
Taşlıçay,taslicay,Ağrı,agri
Tutak,tutak,Ağrı,agri
Ağaçören,agacoren,Aksaray,aksaray
Eskil,eskil,Aksaray,aksaray
Gülağaç,gulagac,Aksaray,aksaray
Güzelyurt,aksaray-guzelyurt,Aksaray,aksaray
Merkez,aksaray-merkez,Aksaray,aksaray
Ortaköy,aksaray-ortakoy,Aksaray,aksaray
Sarıyahşi,sariyahsi,Aksaray,aksaray
Sultanhanı,sultanhani,Aksaray,aksaray
Göynücek,goynucek,Amasya,amasya
Gümüşhacıköy,gumushacikoy,Amasya,amasya
Hamamözü,hamamozu,Amasya,amasya
Merkez,amasya-merkez,Amasya,amasya
Merzifon,merzifon,Amasya,amasya
Suluova,suluova,Amasya,amasya
Taşova,tasova,Amasya,amasya
Akseki,akseki,Antalya,antalya
Aksu,antalya-aksu,Antalya,antalya
Alanya,alanya,Antalya,antalya
Demre,demre,Antalya,antalya
Döşemealtı,dosemealti,Antalya,antalya
Elmalı,elmali,Antalya,antalya
Finike,finike,Antalya,antalya
Gazipaşa,gazipasa,Antalya,antalya
Gündoğmuş,gundogmus,Antalya,antalya
İbradı,ibradi,Antalya,antalya
Kaş,kas,Antalya,antalya
Kemer,antalya-kemer,Antalya,antalya
Kepez,kepez,Antalya,antalya
Konyaaltı,konyaalti,Antalya,antalya
Korkuteli,korkuteli,Antalya,antalya
Kumluca,kumluca,Antalya,antalya
Manavgat,manavgat,Antalya,antalya
Muratpaşa,muratpasa,Antalya,antalya
Serik,serik,Antalya,antalya
Çıldır,cildir,Ardahan,ardahan
Damal,damal,Ardahan,ardahan
Göle,gole,Ardahan,ardahan
Hanak,hanak,Ardahan,ardahan
Merkez,ardahan-merkez,Ardahan,ardahan
Posof,posof,Ardahan,ardahan
Ardanuç,ardanuc,Artvin,artvin
Arhavi,arhavi,Artvin,artvin
Borçka,borcka,Artvin,artvin
Hopa,hopa,Artvin,artvin
Kemalpaşa,artvin-kemalpasa,Artvin,artvin
Merkez,artvin-merkez,Artvin,artvin
Murgul,murgul,Artvin,artvin
Şavşat,savsat,Artvin,artvin
Yusufeli,yusufeli,Artvin,artvin
Bozdoğan,bozdogan,Aydın,aydin
Buharkent,buharkent,Aydın,aydin
Çine,cine,Aydın,aydin
Didim,didim,Aydın,aydin
Efeler,efeler,Aydın,aydin
Germencik,germencik,Aydın,aydin
İncirliova,incirliova,Aydın,aydin
Karacasu,karacasu,Aydın,aydin
Karpuzlu,karpuzlu,Aydın,aydin
Koçarlı,kocarli,Aydın,aydin
Köşk,aydin-kosk,Aydın,aydin
Kuşadası,kusadasi,Aydın,aydin
Kuyucak,kuyucak,Aydın,aydin
Nazilli,nazilli,Aydın,aydin
Söke,soke,Aydın,aydin
Sultanhisar,sultanhisar,Aydın,aydin
Yenipazar,aydin-yenipazar,Aydın,aydin
Altıeylül,altieylul,Balıkesir,balikesir
Ayvalık,ayvalik,Balıkesir,balikesir
Balya,balya,Balıkesir,balikesir
Bandırma,bandirma,Balıkesir,balikesir
Bigadiç,bigadic,Balıkesir,balikesir
Burhaniye,burhaniye,Balıkesir,balikesir
Dursunbey,dursunbey,Balıkesir,balikesir
Edremit,balikesir-edremit,Balıkesir,balikesir
Erdek,erdek,Balıkesir,balikesir
Gömeç,gomec,Balıkesir,balikesir
Gönen,balikesir-gonen,Balıkesir,balikesir
Havran,havran,Balıkesir,balikesir
İvrindi,ivrindi,Balıkesir,balikesir
Karesi,karesi,Balıkesir,balikesir
Kepsut,kepsut,Balıkesir,balikesir
Manyas,manyas,Balıkesir,balikesir
Marmara,marmara,Balıkesir,balikesir
Savaştepe,savastepe,Balıkesir,balikesir
Sındırgı,sindirgi,Balıkesir,balikesir
Susurluk,susurluk,Balıkesir,balikesir
Amasra,amasra,Bartın,bartin
Kurucaşile,kurucasile,Bartın,bartin
Merkez,bartin-merkez,Bartın,bartin
Ulus,ulus,Bartın,bartin
Beşiri,besiri,Batman,batman
Gercüş,gercus,Batman,batman
Hasankeyf,hasankeyf,Batman,batman
Kozluk,kozluk,Batman,batman
Merkez,batman-merkez,Batman,batman
Sason,sason,Batman,batman
Aydıntepe,aydintepe,Bayburt,bayburt
Demirözü,demirozu,Bayburt,bayburt
Merkez,bayburt-merkez,Bayburt,bayburt
Bozüyük,bozuyuk,Bilecik,bilecik
Gölpazarı,golpazari,Bilecik,bilecik
İnhisar,inhisar,Bilecik,bilecik
Merkez,bilecik-merkez,Bilecik,bilecik
Osmaneli,osmaneli,Bilecik,bilecik
Pazaryeri,pazaryeri,Bilecik,bilecik
Söğüt,sogut,Bilecik,bilecik
Yenipazar,bilecik-yenipazar,Bilecik,bilecik
Adaklı,adakli,Bingöl,bingol
Genç,genc,Bingöl,bingol
Karlıova,karliova,Bingöl,bingol
Kiğı,kigi,Bingöl,bingol
Merkez,bingol-merkez,Bingöl,bingol
Solhan,solhan,Bingöl,bingol
Yayladere,yayladere,Bingöl,bingol
Yedisu,yedisu,Bingöl,bingol
Adilcevaz,adilcevaz,Bitlis,bitlis
Ahlat,ahlat,Bitlis,bitlis
Güroymak,guroymak,Bitlis,bitlis
Hizan,hizan,Bitlis,bitlis
Merkez,bitlis-merkez,Bitlis,bitlis
Mutki,mutki,Bitlis,bitlis
Tatvan,tatvan,Bitlis,bitlis
Dörtdivan,dortdivan,Bolu,bolu
Gerede,gerede,Bolu,bolu
Göynük,goynuk,Bolu,bolu
Kıbrıscık,kibriscik,Bolu,bolu
Mengen,mengen,Bolu,bolu
Merkez,bolu-merkez,Bolu,bolu
Mudurnu,mudurnu,Bolu,bolu
Seben,seben,Bolu,bolu
Yeniçağa,yenicaga,Bolu,bolu
Ağlasun,aglasun,Burdur,burdur
Altınyayla,burdur-altinyayla,Burdur,burdur
Bucak,bucak,Burdur,burdur
Çavdır,cavdir,Burdur,burdur
Çeltikçi,celtikci,Burdur,burdur
Gölhisar,golhisar,Burdur,burdur
Karamanlı,karamanli,Burdur,burdur
Kemer,burdur-kemer,Burdur,burdur
Merkez,burdur-merkez,Burdur,burdur
Tefenni,tefenni,Burdur,burdur
Yeşilova,yesilova,Burdur,burdur
Büyükorhan,buyukorhan,Bursa,bursa
Gemlik,gemlik,Bursa,bursa
Gürsu,gursu,Bursa,bursa
Harmancık,harmancik,Bursa,bursa
İnegöl,inegol,Bursa,bursa
İznik,iznik,Bursa,bursa
Karacabey,karacabey,Bursa,bursa
Keles,keles,Bursa,bursa
Kestel,kestel,Bursa,bursa
Mudanya,mudanya,Bursa,bursa
Mustafakemalpaşa,mustafakemalpasa,Bursa,bursa
Nilüfer,nilufer,Bursa,bursa
Orhaneli,orhaneli,Bursa,bursa
Orhangazi,orhangazi,Bursa,bursa
Osmangazi,osmangazi,Bursa,bursa
Yenişehir,bursa-yenisehir,Bursa,bursa
Yıldırım,yildirim,Bursa,bursa
Ayvacık,canakkale-ayvacik,Çanakkale,canakkale
Bayramiç,bayramic,Çanakkale,canakkale
Biga,biga,Çanakkale,canakkale
Bozcaada,bozcaada,Çanakkale,canakkale
Çan,can,Çanakkale,canakkale
Eceabat,eceabat,Çanakkale,canakkale
Ezine,ezine,Çanakkale,canakkale
Gelibolu,gelibolu,Çanakkale,canakkale
Gökçeada,gokceada,Çanakkale,canakkale
Lapseki,lapseki,Çanakkale,canakkale
Merkez,canakkale-merkez,Çanakkale,canakkale
Yenice,canakkale-yenice,Çanakkale,canakkale
Atkaracalar,atkaracalar,Çankırı,cankiri
Bayramören,bayramoren,Çankırı,cankiri
Çerkeş,cerkes,Çankırı,cankiri
Eldivan,eldivan,Çankırı,cankiri
Ilgaz,ilgaz,Çankırı,cankiri
Kızılırmak,kizilirmak,Çankırı,cankiri
Korgun,korgun,Çankırı,cankiri
Kurşunlu,kursunlu,Çankırı,cankiri
Merkez,cankiri-merkez,Çankırı,cankiri
Orta,orta,Çankırı,cankiri
Şabanözü,sabanozu,Çankırı,cankiri
Yapraklı,yaprakli,Çankırı,cankiri
Alaca,alaca,Çorum,corum
Bayat,corum-bayat,Çorum,corum
Boğazkale,bogazkale,Çorum,corum
Dodurga,dodurga,Çorum,corum
İskilip,iskilip,Çorum,corum
Kargı,kargi,Çorum,corum
Laçin,lacin,Çorum,corum
Mecitözü,mecitozu,Çorum,corum
Merkez,corum-merkez,Çorum,corum
Oğuzlar,oguzlar,Çorum,corum
Ortaköy,corum-ortakoy,Çorum,corum
Osmancık,osmancik,Çorum,corum
Sungurlu,sungurlu,Çorum,corum
Uğurludağ,ugurludag,Çorum,corum
Acıpayam,acipayam,Denizli,denizli
Babadağ,babadag,Denizli,denizli
Baklan,baklan,Denizli,denizli
Bekilli,bekilli,Denizli,denizli
Beyağaç,beyagac,Denizli,denizli
Bozkurt,denizli-bozkurt,Denizli,denizli
Buldan,buldan,Denizli,denizli
Çal,cal,Denizli,denizli
Çameli,cameli,Denizli,denizli
Çardak,cardak,Denizli,denizli
Çivril,civril,Denizli,denizli
Güney,guney,Denizli,denizli
Honaz,honaz,Denizli,denizli
Kale,denizli-kale,Denizli,denizli
Merkezefendi,merkezefendi,Denizli,denizli
Pamukkale,pamukkale,Denizli,denizli
Sarayköy,saraykoy,Denizli,denizli
Serinhisar,serinhisar,Denizli,denizli
Tavas,tavas,Denizli,denizli
Bağlar,baglar,Diyarbakır,diyarbakir
Bismil,bismil,Diyarbakır,diyarbakir
Çermik,cermik,Diyarbakır,diyarbakir
Çınar,cinar,Diyarbakır,diyarbakir
Çüngüş,cungus,Diyarbakır,diyarbakir
Dicle,dicle,Diyarbakır,diyarbakir
Eğil,egil,Diyarbakır,diyarbakir
Ergani,ergani,Diyarbakır,diyarbakir
Hani,hani,Diyarbakır,diyarbakir
Hazro,hazro,Diyarbakır,diyarbakir
Kayapınar,kayapinar,Diyarbakır,diyarbakir
Kocaköy,kocakoy,Diyarbakır,diyarbakir
Kulp,kulp,Diyarbakır,diyarbakir
Lice,lice,Diyarbakır,diyarbakir
Silvan,silvan,Diyarbakır,diyarbakir
Sur,sur,Diyarbakır,diyarbakir
Yenişehir,diyarbakir-yenisehir,Diyarbakır,diyarbakir
Akçakoca,akcakoca,Düzce,duzce
Cumayeri,cumayeri,Düzce,duzce
Çilimli,cilimli,Düzce,duzce
Gölyaka,golyaka,Düzce,duzce
Gümüşova,gumusova,Düzce,duzce
Kaynaşlı,kaynasli,Düzce,duzce
Merkez,duzce-merkez,Düzce,duzce
Yığılca,yigilca,Düzce,duzce
Enez,enez,Edirne,edirne
Havsa,havsa,Edirne,edirne
İpsala,ipsala,Edirne,edirne
Keşan,kesan,Edirne,edirne
Lalapaşa,lalapasa,Edirne,edirne
Meriç,meric,Edirne,edirne
Merkez,edirne-merkez,Edirne,edirne
Süloğlu,suloglu,Edirne,edirne
Uzunköprü,uzunkopru,Edirne,edirne
Ağın,agin,Elazığ,elazig
Alacakaya,alacakaya,Elazığ,elazig
Arıcak,aricak,Elazığ,elazig
Baskil,baskil,Elazığ,elazig
Karakoçan,karakocan,Elazığ,elazig
Keban,keban,Elazığ,elazig
Kovancılar,kovancilar,Elazığ,elazig
Maden,maden,Elazığ,elazig
Merkez,elazig-merkez,Elazığ,elazig
Palu,palu,Elazığ,elazig
Sivrice,sivrice,Elazığ,elazig
Çayırlı,cayirli,Erzincan,erzincan
İliç,ilic,Erzincan,erzincan
Kemah,kemah,Erzincan,erzincan
Kemaliye,kemaliye,Erzincan,erzincan
Merkez,erzincan-merkez,Erzincan,erzincan
Otlukbeli,otlukbeli,Erzincan,erzincan
Refahiye,refahiye,Erzincan,erzincan
Tercan,tercan,Erzincan,erzincan
Üzümlü,uzumlu,Erzincan,erzincan
Aşkale,askale,Erzurum,erzurum
Aziziye,aziziye,Erzurum,erzurum
Çat,cat,Erzurum,erzurum
Hınıs,hinis,Erzurum,erzurum
Horasan,horasan,Erzurum,erzurum
İspir,ispir,Erzurum,erzurum
Karaçoban,karacoban,Erzurum,erzurum
Karayazı,karayazi,Erzurum,erzurum
Köprüköy,koprukoy,Erzurum,erzurum
Narman,narman,Erzurum,erzurum
Oltu,oltu,Erzurum,erzurum
Olur,olur,Erzurum,erzurum
Palandöken,palandoken,Erzurum,erzurum
Pasinler,pasinler,Erzurum,erzurum
Pazaryolu,pazaryolu,Erzurum,erzurum
Şenkaya,senkaya,Erzurum,erzurum
Tekman,tekman,Erzurum,erzurum
Tortum,tortum,Erzurum,erzurum
Uzundere,uzundere,Erzurum,erzurum
Yakutiye,yakutiye,Erzurum,erzurum
Alpu,alpu,Eskişehir,eskisehir
Beylikova,beylikova,Eskişehir,eskisehir
Çifteler,cifteler,Eskişehir,eskisehir
Günyüzü,gunyuzu,Eskişehir,eskisehir
Han,han,Eskişehir,eskisehir
İnönü,inonu,Eskişehir,eskisehir
Mahmudiye,mahmudiye,Eskişehir,eskisehir
Mihalgazi,mihalgazi,Eskişehir,eskisehir
Mihalıççık,mihaliccik,Eskişehir,eskisehir
Odunpazarı,odunpazari,Eskişehir,eskisehir
Sarıcakaya,saricakaya,Eskişehir,eskisehir
Seyitgazi,seyitgazi,Eskişehir,eskisehir
Sivrihisar,sivrihisar,Eskişehir,eskisehir
Tepebaşı,tepebasi,Eskişehir,eskisehir
Araban,araban,Gaziantep,gaziantep
İslahiye,islahiye,Gaziantep,gaziantep
Karkamış,karkamis,Gaziantep,gaziantep
Nizip,nizip,Gaziantep,gaziantep
Nurdağı,nurdagi,Gaziantep,gaziantep
Oğuzeli,oguzeli,Gaziantep,gaziantep
Şahinbey,sahinbey,Gaziantep,gaziantep
Şehitkamil,sehitkamil,Gaziantep,gaziantep
Yavuzeli,yavuzeli,Gaziantep,gaziantep
Alucra,alucra,Giresun,giresun
Bulancak,bulancak,Giresun,giresun
Çamoluk,camoluk,Giresun,giresun
Çanakçı,canakci,Giresun,giresun
Dereli,dereli,Giresun,giresun
Doğankent,dogankent,Giresun,giresun
Espiye,espiye,Giresun,giresun
Eynesil,eynesil,Giresun,giresun
Görele,gorele,Giresun,giresun
Güce,guce,Giresun,giresun
Keşap,kesap,Giresun,giresun
Merkez,giresun-merkez,Giresun,giresun
Piraziz,piraziz,Giresun,giresun
Şebinkarahisar,sebinkarahisar,Giresun,giresun
Tirebolu,tirebolu,Giresun,giresun
Yağlıdere,yaglidere,Giresun,giresun
Kelkit,kelkit,Gümüşhane,gumushane
Köse,kose,Gümüşhane,gumushane
Kürtün,kurtun,Gümüşhane,gumushane
Merkez,gumushane-merkez,Gümüşhane,gumushane
Şiran,siran,Gümüşhane,gumushane
Torul,torul,Gümüşhane,gumushane
Altınözü,altinozu,Hatay,hatay
Antakya,antakya,Hatay,hatay
Arsuz,arsuz,Hatay,hatay
Belen,belen,Hatay,hatay
Defne,defne,Hatay,hatay
Dörtyol,dortyol,Hatay,hatay
Erzin,erzin,Hatay,hatay
Hassa,hassa,Hatay,hatay
İskenderun,iskenderun,Hatay,hatay
Kırıkhan,kirikhan,Hatay,hatay
Kumlu,kumlu,Hatay,hatay
Payas,payas,Hatay,hatay
Reyhanlı,reyhanli,Hatay,hatay
Samandağ,samandag,Hatay,hatay
Yayladağı,yayladagi,Hatay,hatay
Aralık,aralik,Iğdır,igdir
Karakoyunlu,karakoyunlu,Iğdır,igdir
Merkez,igdir-merkez,Iğdır,igdir
Tuzluca,tuzluca,Iğdır,igdir
Aksu,isparta-aksu,Isparta,isparta
Atabey,atabey,Isparta,isparta
Eğirdir,egirdir,Isparta,isparta
Gelendost,gelendost,Isparta,isparta
Gönen,isparta-gonen,Isparta,isparta
Keçiborlu,keciborlu,Isparta,isparta
Merkez,isparta-merkez,Isparta,isparta
Senirkent,senirkent,Isparta,isparta
Sütçüler,sutculer,Isparta,isparta
Şarkikaraağaç,sarkikaraagac,Isparta,isparta
Uluborlu,uluborlu,Isparta,isparta
Yalvaç,yalvac,Isparta,isparta
Yenişarbademli,yenisarbademli,Isparta,isparta
Afşin,afsin,Kahramanmaraş,kahramanmaras
Andırın,andirin,Kahramanmaraş,kahramanmaras
Çağlayancerit,caglayancerit,Kahramanmaraş,kahramanmaras
Dulkadiroğlu,dulkadiroglu,Kahramanmaraş,kahramanmaras
Ekinözü,ekinozu,Kahramanmaraş,kahramanmaras
Elbistan,elbistan,Kahramanmaraş,kahramanmaras
Göksun,goksun,Kahramanmaraş,kahramanmaras
Nurhak,nurhak,Kahramanmaraş,kahramanmaras
Onikişubat,onikisubat,Kahramanmaraş,kahramanmaras
Pazarcık,pazarcik,Kahramanmaraş,kahramanmaras
Türkoğlu,turkoglu,Kahramanmaraş,kahramanmaras
Eflani,eflani,Karabük,karabuk
Eskipazar,eskipazar,Karabük,karabuk
Merkez,karabuk-merkez,Karabük,karabuk
Ovacık,karabuk-ovacik,Karabük,karabuk
Safranbolu,safranbolu,Karabük,karabuk
Yenice,karabuk-yenice,Karabük,karabuk
Ayrancı,ayranci,Karaman,karaman
Başyayla,basyayla,Karaman,karaman
Ermenek,ermenek,Karaman,karaman
Kazımkarabekir,kazimkarabekir,Karaman,karaman
Merkez,karaman-merkez,Karaman,karaman
Sarıveliler,sariveliler,Karaman,karaman
Akyaka,akyaka,Kars,kars
Arpaçay,arpacay,Kars,kars
Digor,digor,Kars,kars
Kağızman,kagizman,Kars,kars
Merkez,kars-merkez,Kars,kars
Sarıkamış,sarikamis,Kars,kars
Selim,selim,Kars,kars
Susuz,susuz,Kars,kars
Abana,abana,Kastamonu,kastamonu
Ağlı,agli,Kastamonu,kastamonu
Araç,arac,Kastamonu,kastamonu
Azdavay,azdavay,Kastamonu,kastamonu
Bozkurt,kastamonu-bozkurt,Kastamonu,kastamonu
Cide,cide,Kastamonu,kastamonu
Çatalzeytin,catalzeytin,Kastamonu,kastamonu
Daday,daday,Kastamonu,kastamonu
Devrekani,devrekani,Kastamonu,kastamonu
Doğanyurt,doganyurt,Kastamonu,kastamonu
Hanönü,hanonu,Kastamonu,kastamonu
İhsangazi,ihsangazi,Kastamonu,kastamonu
İnebolu,inebolu,Kastamonu,kastamonu
Küre,kure,Kastamonu,kastamonu
Merkez,kastamonu-merkez,Kastamonu,kastamonu
Pınarbaşı,kastamonu-pinarbasi,Kastamonu,kastamonu
Seydiler,seydiler,Kastamonu,kastamonu
Şenpazar,senpazar,Kastamonu,kastamonu
Taşköprü,taskopru,Kastamonu,kastamonu
Tosya,tosya,Kastamonu,kastamonu
Akkışla,akkisla,Kayseri,kayseri
Bünyan,bunyan,Kayseri,kayseri
Develi,develi,Kayseri,kayseri
Felahiye,felahiye,Kayseri,kayseri
Hacılar,hacilar,Kayseri,kayseri
İncesu,incesu,Kayseri,kayseri
Kocasinan,kocasinan,Kayseri,kayseri
Melikgazi,melikgazi,Kayseri,kayseri
Özvatan,ozvatan,Kayseri,kayseri
Pınarbaşı,kayseri-pinarbasi,Kayseri,kayseri
Sarıoğlan,sarioglan,Kayseri,kayseri
Sarız,sariz,Kayseri,kayseri
Talas,talas,Kayseri,kayseri
Tomarza,tomarza,Kayseri,kayseri
Yahyalı,yahyali,Kayseri,kayseri
Yeşilhisar,yesilhisar,Kayseri,kayseri
Bahşılı,bahsili,Kırıkkale,kirikkale
Balışeyh,baliseyh,Kırıkkale,kirikkale
Çelebi,celebi,Kırıkkale,kirikkale
Delice,delice,Kırıkkale,kirikkale
Karakeçili,karakecili,Kırıkkale,kirikkale
Keskin,keskin,Kırıkkale,kirikkale
Merkez,kirikkale-merkez,Kırıkkale,kirikkale
Sulakyurt,sulakyurt,Kırıkkale,kirikkale
Yahşihan,yahsihan,Kırıkkale,kirikkale
Babaeski,babaeski,Kırklareli,kirklareli
Demirköy,demirkoy,Kırklareli,kirklareli
Kofçaz,kofcaz,Kırklareli,kirklareli
Lüleburgaz,luleburgaz,Kırklareli,kirklareli
Merkez,kirklareli-merkez,Kırklareli,kirklareli
Pehlivanköy,pehlivankoy,Kırklareli,kirklareli
Pınarhisar,pinarhisar,Kırklareli,kirklareli
Vize,vize,Kırklareli,kirklareli
Akçakent,akcakent,Kırşehir,kirsehir
Akpınar,akpinar,Kırşehir,kirsehir
Boztepe,boztepe,Kırşehir,kirsehir
Çiçekdağı,cicekdagi,Kırşehir,kirsehir
Kaman,kaman,Kırşehir,kirsehir
Merkez,kirsehir-merkez,Kırşehir,kirsehir
Mucur,mucur,Kırşehir,kirsehir
Elbeyli,elbeyli,Kilis,kilis
Merkez,kilis-merkez,Kilis,kilis
Musabeyli,musabeyli,Kilis,kilis
Polateli,polateli,Kilis,kilis
Başiskele,basiskele,Kocaeli,kocaeli
Çayırova,cayirova,Kocaeli,kocaeli
Darıca,darica,Kocaeli,kocaeli
Derince,derince,Kocaeli,kocaeli
Dilovası,dilovasi,Kocaeli,kocaeli
Gebze,gebze,Kocaeli,kocaeli
Gölcük,golcuk,Kocaeli,kocaeli
İzmit,izmit,Kocaeli,kocaeli
Kandıra,kandira,Kocaeli,kocaeli
Karamürsel,karamursel,Kocaeli,kocaeli
Kartepe,kartepe,Kocaeli,kocaeli
Körfez,korfez,Kocaeli,kocaeli
Ahırlı,ahirli,Konya,konya
Akören,akoren,Konya,konya
Akşehir,aksehir,Konya,konya
Altınekin,altinekin,Konya,konya
Beyşehir,beysehir,Konya,konya
Bozkır,bozkir,Konya,konya
Cihanbeyli,cihanbeyli,Konya,konya
Çeltik,celtik,Konya,konya
Çumra,cumra,Konya,konya
Derbent,derbent,Konya,konya
Derebucak,derebucak,Konya,konya
Doğanhisar,doganhisar,Konya,konya
Emirgazi,emirgazi,Konya,konya
Ereğli,konya-eregli,Konya,konya
Güneysınır,guneysinir,Konya,konya
Hadim,hadim,Konya,konya
Halkapınar,halkapinar,Konya,konya
Hüyük,huyuk,Konya,konya
Ilgın,ilgin,Konya,konya
Kadınhanı,kadinhani,Konya,konya
Karapınar,karapinar,Konya,konya
Karatay,karatay,Konya,konya
Kulu,kulu,Konya,konya
Meram,meram,Konya,konya
Sarayönü,sarayonu,Konya,konya
Selçuklu,selcuklu,Konya,konya
Seydişehir,seydisehir,Konya,konya
Taşkent,taskent,Konya,konya
Tuzlukçu,tuzlukcu,Konya,konya
Yalıhüyük,yalihuyuk,Konya,konya
Yunak,yunak,Konya,konya
Altıntaş,altintas,Kütahya,kutahya
Aslanapa,aslanapa,Kütahya,kutahya
Çavdarhisar,cavdarhisar,Kütahya,kutahya
Domaniç,domanic,Kütahya,kutahya
Dumlupınar,dumlupinar,Kütahya,kutahya
Emet,emet,Kütahya,kutahya
Gediz,gediz,Kütahya,kutahya
Hisarcık,hisarcik,Kütahya,kutahya
Merkez,kutahya-merkez,Kütahya,kutahya
Pazarlar,pazarlar,Kütahya,kutahya
Simav,simav,Kütahya,kutahya
Şaphane,saphane,Kütahya,kutahya
Tavşanlı,tavsanli,Kütahya,kutahya
Akçadağ,akcadag,Malatya,malatya
Arapgir,arapgir,Malatya,malatya
Arguvan,arguvan,Malatya,malatya
Battalgazi,battalgazi,Malatya,malatya
Darende,darende,Malatya,malatya
Doğanşehir,dogansehir,Malatya,malatya
Doğanyol,doganyol,Malatya,malatya
Hekimhan,hekimhan,Malatya,malatya
Kale,malatya-kale,Malatya,malatya
Kuluncak,kuluncak,Malatya,malatya
Pütürge,puturge,Malatya,malatya
Yazıhan,yazihan,Malatya,malatya
Yeşilyurt,malatya-yesilyurt,Malatya,malatya
Ahmetli,ahmetli,Manisa,manisa
Akhisar,akhisar,Manisa,manisa
Alaşehir,alasehir,Manisa,manisa
Demirci,demirci,Manisa,manisa
Gölmarmara,golmarmara,Manisa,manisa
Gördes,gordes,Manisa,manisa
Kırkağaç,kirkagac,Manisa,manisa
Köprübaşı,manisa-koprubasi,Manisa,manisa
Kula,kula,Manisa,manisa
Salihli,salihli,Manisa,manisa
Sarıgöl,sarigol,Manisa,manisa
Saruhanlı,saruhanli,Manisa,manisa
Selendi,selendi,Manisa,manisa
Soma,soma,Manisa,manisa
Şehzadeler,sehzadeler,Manisa,manisa
Turgutlu,turgutlu,Manisa,manisa
Yunusemre,yunusemre,Manisa,manisa
Artuklu,artuklu,Mardin,mardin
Dargeçit,dargecit,Mardin,mardin
Derik,derik,Mardin,mardin
Kızıltepe,kiziltepe,Mardin,mardin
Mazıdağı,mazidagi,Mardin,mardin
Midyat,midyat,Mardin,mardin
Nusaybin,nusaybin,Mardin,mardin
Ömerli,omerli,Mardin,mardin
Savur,savur,Mardin,mardin
Yeşilli,yesilli,Mardin,mardin
Bodrum,bodrum,Muğla,mugla
Dalaman,dalaman,Muğla,mugla
Datça,datca,Muğla,mugla
Fethiye,fethiye,Muğla,mugla
Kavaklıdere,kavaklidere,Muğla,mugla
Köyceğiz,koycegiz,Muğla,mugla
Marmaris,marmaris,Muğla,mugla
Menteşe,mentese,Muğla,mugla
Milas,milas,Muğla,mugla
Ortaca,ortaca,Muğla,mugla
Seydikemer,seydikemer,Muğla,mugla
Ula,ula,Muğla,mugla
Yatağan,yatagan,Muğla,mugla
Bulanık,bulanik,Muş,mus
Hasköy,haskoy,Muş,mus
Korkut,korkut,Muş,mus
Malazgirt,malazgirt,Muş,mus
Merkez,mus-merkez,Muş,mus
Varto,varto,Muş,mus
Acıgöl,acigol,Nevşehir,nevsehir
Avanos,avanos,Nevşehir,nevsehir
Derinkuyu,derinkuyu,Nevşehir,nevsehir
Gülşehir,gulsehir,Nevşehir,nevsehir
Hacıbektaş,hacibektas,Nevşehir,nevsehir
Kozaklı,kozakli,Nevşehir,nevsehir
Merkez,nevsehir-merkez,Nevşehir,nevsehir
Ürgüp,urgup,Nevşehir,nevsehir
Altunhisar,altunhisar,Niğde,nigde
Bor,bor,Niğde,nigde
Çamardı,camardi,Niğde,nigde
Çiftlik,ciftlik,Niğde,nigde
Merkez,nigde-merkez,Niğde,nigde
Ulukışla,ulukisla,Niğde,nigde
Akkuş,akkus,Ordu,ordu
Altınordu,altinordu,Ordu,ordu
Aybastı,aybasti,Ordu,ordu
Çamaş,camas,Ordu,ordu
Çatalpınar,catalpinar,Ordu,ordu
Çaybaşı,caybasi,Ordu,ordu
Fatsa,fatsa,Ordu,ordu
Gölköy,golkoy,Ordu,ordu
Gülyalı,gulyali,Ordu,ordu
Gürgentepe,gurgentepe,Ordu,ordu
İkizce,ikizce,Ordu,ordu
Kabadüz,kabaduz,Ordu,ordu
Kabataş,kabatas,Ordu,ordu
Korgan,korgan,Ordu,ordu
Kumru,kumru,Ordu,ordu
Mesudiye,mesudiye,Ordu,ordu
Perşembe,persembe,Ordu,ordu
Ulubey,ordu-ulubey,Ordu,ordu
Ünye,unye,Ordu,ordu
Bahçe,osmaniye-bahce,Osmaniye,osmaniye
Düziçi,duzici,Osmaniye,osmaniye
Hasanbeyli,hasanbeyli,Osmaniye,osmaniye
Kadirli,kadirli,Osmaniye,osmaniye
Merkez,osmaniye-merkez,Osmaniye,osmaniye
Sumbas,sumbas,Osmaniye,osmaniye
Toprakkale,toprakkale,Osmaniye,osmaniye
Ardeşen,ardesen,Rize,rize
Çamlıhemşin,camlihemsin,Rize,rize
Çayeli,cayeli,Rize,rize
Derepazarı,derepazari,Rize,rize
Fındıklı,findikli,Rize,rize
Güneysu,guneysu,Rize,rize
Hemşin,hemsin,Rize,rize
İkizdere,ikizdere,Rize,rize
İyidere,iyidere,Rize,rize
Kalkandere,kalkandere,Rize,rize
Merkez,rize-merkez,Rize,rize
Pazar,rize-pazar,Rize,rize
Adapazarı,adapazari,Sakarya,sakarya
Akyazı,akyazi,Sakarya,sakarya
Arifiye,arifiye,Sakarya,sakarya
Erenler,erenler,Sakarya,sakarya
Ferizli,ferizli,Sakarya,sakarya
Geyve,geyve,Sakarya,sakarya
Hendek,hendek,Sakarya,sakarya
Karapürçek,karapurcek,Sakarya,sakarya
Karasu,karasu,Sakarya,sakarya
Kaynarca,kaynarca,Sakarya,sakarya
Kocaali,kocaali,Sakarya,sakarya
Pamukova,pamukova,Sakarya,sakarya
Sapanca,sapanca,Sakarya,sakarya
Serdivan,serdivan,Sakarya,sakarya
Söğütlü,sogutlu,Sakarya,sakarya
Taraklı,tarakli,Sakarya,sakarya
Alaçam,alacam,Samsun,samsun
Asarcık,asarcik,Samsun,samsun
Atakum,atakum,Samsun,samsun
Ayvacık,samsun-ayvacik,Samsun,samsun
Bafra,bafra,Samsun,samsun
Canik,canik,Samsun,samsun
Çarşamba,carsamba,Samsun,samsun
Havza,havza,Samsun,samsun
İlkadım,ilkadim,Samsun,samsun
Kavak,kavak,Samsun,samsun
Ladik,ladik,Samsun,samsun
Ondokuzmayıs,ondokuzmayis,Samsun,samsun
Salıpazarı,salipazari,Samsun,samsun
Tekkeköy,tekkekoy,Samsun,samsun
Terme,terme,Samsun,samsun
Vezirköprü,vezirkopru,Samsun,samsun
Yakakent,yakakent,Samsun,samsun
Baykan,baykan,Siirt,siirt
Eruh,eruh,Siirt,siirt
Kurtalan,kurtalan,Siirt,siirt
Merkez,siirt-merkez,Siirt,siirt
Pervari,pervari,Siirt,siirt
Şirvan,sirvan,Siirt,siirt
Tillo,tillo,Siirt,siirt
Ayancık,ayancik,Sinop,sinop
Boyabat,boyabat,Sinop,sinop
Dikmen,dikmen,Sinop,sinop
Durağan,duragan,Sinop,sinop
Erfelek,erfelek,Sinop,sinop
Gerze,gerze,Sinop,sinop
Merkez,sinop-merkez,Sinop,sinop
Saraydüzü,sarayduzu,Sinop,sinop
Türkeli,turkeli,Sinop,sinop
Akıncılar,akincilar,Sivas,sivas
Altınyayla,sivas-altinyayla,Sivas,sivas
Divriği,divrigi,Sivas,sivas
Doğanşar,dogansar,Sivas,sivas
Gemerek,gemerek,Sivas,sivas
Gölova,golova,Sivas,sivas
Gürün,gurun,Sivas,sivas
Hafik,hafik,Sivas,sivas
İmranlı,imranli,Sivas,sivas
Kangal,kangal,Sivas,sivas
Koyulhisar,koyulhisar,Sivas,sivas
Merkez,sivas-merkez,Sivas,sivas
Suşehri,susehri,Sivas,sivas
Şarkışla,sarkisla,Sivas,sivas
Ulaş,ulas,Sivas,sivas
Yıldızeli,yildizeli,Sivas,sivas
Zara,zara,Sivas,sivas
Akçakale,akcakale,Şanlıurfa,sanliurfa
Birecik,birecik,Şanlıurfa,sanliurfa
Bozova,bozova,Şanlıurfa,sanliurfa
Ceylanpınar,ceylanpinar,Şanlıurfa,sanliurfa
Eyyübiye,eyyubiye,Şanlıurfa,sanliurfa
Halfeti,halfeti,Şanlıurfa,sanliurfa
Haliliye,haliliye,Şanlıurfa,sanliurfa
Harran,harran,Şanlıurfa,sanliurfa
Hilvan,hilvan,Şanlıurfa,sanliurfa
Karaköprü,karakopru,Şanlıurfa,sanliurfa
Siverek,siverek,Şanlıurfa,sanliurfa
Suruç,suruc,Şanlıurfa,sanliurfa
Viranşehir,viransehir,Şanlıurfa,sanliurfa
Beytüşşebap,beytussebap,Şırnak,sirnak
Cizre,cizre,Şırnak,sirnak
Güçlükonak,guclukonak,Şırnak,sirnak
İdil,idil,Şırnak,sirnak
Merkez,sirnak-merkez,Şırnak,sirnak
Silopi,silopi,Şırnak,sirnak
Uludere,uludere,Şırnak,sirnak
Çerkezköy,cerkezkoy,Tekirdağ,tekirdag
Çorlu,corlu,Tekirdağ,tekirdag
Ergene,ergene,Tekirdağ,tekirdag
Hayrabolu,hayrabolu,Tekirdağ,tekirdag
Kapaklı,kapakli,Tekirdağ,tekirdag
Malkara,malkara,Tekirdağ,tekirdag
Marmaraereğlisi,marmaraereglisi,Tekirdağ,tekirdag
Muratlı,muratli,Tekirdağ,tekirdag
Saray,tekirdag-saray,Tekirdağ,tekirdag
Süleymanpaşa,suleymanpasa,Tekirdağ,tekirdag
Şarköy,sarkoy,Tekirdağ,tekirdag
Almus,almus,Tokat,tokat
Artova,artova,Tokat,tokat
Başçiftlik,basciftlik,Tokat,tokat
Erbaa,erbaa,Tokat,tokat
Merkez,tokat-merkez,Tokat,tokat
Niksar,niksar,Tokat,tokat
Pazar,tokat-pazar,Tokat,tokat
Reşadiye,resadiye,Tokat,tokat
Sulusaray,sulusaray,Tokat,tokat
Turhal,turhal,Tokat,tokat
Yeşilyurt,tokat-yesilyurt,Tokat,tokat
Zile,zile,Tokat,tokat
Akçaabat,akcaabat,Trabzon,trabzon
Araklı,arakli,Trabzon,trabzon
Arsin,arsin,Trabzon,trabzon
Beşikdüzü,besikduzu,Trabzon,trabzon
Çarşıbaşı,carsibasi,Trabzon,trabzon
Çaykara,caykara,Trabzon,trabzon
Dernekpazarı,dernekpazari,Trabzon,trabzon
Düzköy,duzkoy,Trabzon,trabzon
Hayrat,hayrat,Trabzon,trabzon
Köprübaşı,trabzon-koprubasi,Trabzon,trabzon
Maçka,macka,Trabzon,trabzon
Of,of,Trabzon,trabzon
Ortahisar,ortahisar,Trabzon,trabzon
Sürmene,surmene,Trabzon,trabzon
Şalpazarı,salpazari,Trabzon,trabzon
Tonya,tonya,Trabzon,trabzon
Vakfıkebir,vakfikebir,Trabzon,trabzon
Yomra,yomra,Trabzon,trabzon
Banaz,banaz,Uşak,usak
Eşme,esme,Uşak,usak
Karahallı,karahalli,Uşak,usak
Merkez,usak-merkez,Uşak,usak
Sivaslı,sivasli,Uşak,usak
Ulubey,usak-ulubey,Uşak,usak
Bahçesaray,bahcesaray,Van,van
Başkale,baskale,Van,van
Çaldıran,caldiran,Van,van
Çatak,catak,Van,van
Edremit,van-edremit,Van,van
Erciş,ercis,Van,van
Gevaş,gevas,Van,van
Gürpınar,gurpinar,Van,van
İpekyolu,ipekyolu,Van,van
Muradiye,muradiye,Van,van
Özalp,ozalp,Van,van
Saray,van-saray,Van,van
Tuşba,tusba,Van,van
Altınova,altinova,Yalova,yalova
Armutlu,armutlu,Yalova,yalova
Çınarcık,cinarcik,Yalova,yalova
Çiftlikköy,ciftlikkoy,Yalova,yalova
Merkez,yalova-merkez,Yalova,yalova
Termal,termal,Yalova,yalova
Akdağmadeni,akdagmadeni,Yozgat,yozgat
Aydıncık,yozgat-aydincik,Yozgat,yozgat
Boğazlıyan,bogazliyan,Yozgat,yozgat
Çandır,candir,Yozgat,yozgat
Çayıralan,cayiralan,Yozgat,yozgat
Çekerek,cekerek,Yozgat,yozgat
Kadışehri,kadisehri,Yozgat,yozgat
Merkez,yozgat-merkez,Yozgat,yozgat
Saraykent,saraykent,Yozgat,yozgat
Sarıkaya,sarikaya,Yozgat,yozgat
Sorgun,sorgun,Yozgat,yozgat
Şefaatli,sefaatli,Yozgat,yozgat
Yenifakılı,yenifakili,Yozgat,yozgat
Yerköy,yerkoy,Yozgat,yozgat
Alaplı,alapli,Zonguldak,zonguldak
Çaycuma,caycuma,Zonguldak,zonguldak
Devrek,devrek,Zonguldak,zonguldak
Ereğli,zonguldak-eregli,Zonguldak,zonguldak
Gökçebey,gokcebey,Zonguldak,zonguldak
Kilimli,kilimli,Zonguldak,zonguldak
Kozlu,kozlu,Zonguldak,zonguldak
Merkez,zonguldak-merkez,Zonguldak,zonguldak
Gazimağusa,gazimagusa,K.K.T.C.,kktc
Girne,girne,K.K.T.C.,kktc
Güzelyurt,kktc-guzelyurt,K.K.T.C.,kktc
İskele,iskele,K.K.T.C.,kktc
Lefke,lefke,K.K.T.C.,kktc
Lefkoşa,lefkosa,K.K.T.C.,kktc
